32,34,Safe,111,null,null,hangaren,"Safe

6X12m 2017



Kort efter att Safe målat sina figurer såg jag en tydlig röd tråd som knyter ihop hela Hangaren till ett enda jätteverk. Och inte bara för att målningarna är i samma rum och målade bredvid varandra i samma storlek, utan till innehållet. Jag tyckte väldigt mycket om Safes sorgsna men värmande, stöttande och tröstande figurer. När jag kikade runt så upptäckte jag att alla figurer som målats i Hangaren sedan 2013 är just sura, ledsna och rätt deppiga historier. Märkligt. Hangaren är helt fritt och man får måla exakt vad man vill och alla har målat vid olika tillfällen. Det är verkligen ingen planerad deppighet som påverkat eller medvetet ska ha illustrerats. Ändock är det så tydligt så det kan inte bara avfärdas som en slump. Det finns alltid ett sammanhang i det till synes oplanerade, slumpartade och tillfälliga. Ett kollektivt deppmedvetande?

Safes figurer ser ut som ledsna tvillingar. Troligen kvinnliga utan att något egentligen skvallrar om det. Safe jobbar inte bara som graffitimålare utan är även aktiv med en graffitigrupp bestående av HBTQ-personer. Dvs de som identifierar sig med en sexualitet som inte är en samhällsnorm. Nu kan vi ju bara kika runt i Hangaren för att konstatera att majoriteten är män även om vi ju här har, för genren i stort, många kvinnliga representanter. Jag funderar över hur viktigt eller oviktigt det är att skapa riktade aktiviteter för vissa bestämda målgrupper. Graffiti för pensionärer? Graffiti för nyanlända? Graffiti för ensamstående mammor till tonårsbarn? I Hangaren skall det alltid vara öppet för precis alla att måla bestämmer jag mig för. I samhället utanför är det norm att rikta alla verksamheter till olika grupperingar. När började detta synsätt? Är det ”Den enda vägen”- som spökar sedan mitten av 90-talet då Sverige tog avstånd från solidaritet och beslut som skulle gagna alla, till förmån för att ge unika förutsättningar till marknaden och de redan etablerade så de skulle vinna ännu mer kapital som teoretiskt så småningom skulle sippra ner till alla andra och lyfta hela landet och alla dess invånare. Det resultatet uteblev. Istället har klyftorna ökat mellan de som har och de som inte har. Till dagens orimliga proportioner. Samtidigt har det enskilda individ/grupp tänket fått fäste och alla skall tillhöra en grupp som missgynnas på något sätt och därav få politiskt fördelar. Hur mycket polarisering tål ett land innan det imploderar? 

Safes målning fick mig att inse att det finns en omedveten röd tråd genom alla figurer på platsen. Den gäller alla. Det är dags att medvetande göra behovet av precis alla.","Safes 6x12m målning från 2017 knyter ihop Hangaren till ett sammanhängande verk av sorgsna, men tröstande figurer. Trots att konstnärer målat fritt sedan 2013 återkommer ett tema av melankoli, vilket väcker frågor om ett kollektivt medvetande. Safe, aktiv inom HBTQ-graffitin, belyser konst som speglar samhälleliga klyftor. Hangaren står öppen för alla, men utanför styrs samhället av gruppindelning och polarisering. Det är dags att erkänna behovet av inkludering för alla.",https://sdsirlozivhqmtcexwbu.supabase.co/storage/v1/object/public/bucket/exhibitions/Safe-1727361086444.webp,https://sdsirlozivhqmtcexwbu.supabase.co/storage/v1/object/public/bucket/audio/Safe_2024-12-20.mp3,north,14,
32,35,Loads,2,null,null,hangaren,"LOADS CREW

6X12m 2016

Bless deltagande på Open Art i Örebro sommaren 2017 har satt henne i positionen Sveriges just nu intressantaste graffitikonstnär. Menar jag då att det är sammanhanget som gör att måleriet blir intressant? Nej, det räcker inte att få vara med i landets kvalitétsmässigt starkaste offentliga konstevenemang som ju Open Art har etablerat sig som, man måste ju såklart delta med något vettigt också. Det har Bless gjort. Och det har hon även gjort här i Hangaren i sällskap med sin hyfsat graffititraditionella grupp LOADS CREW bestående av Gore, Mech, Bless, Big M och Bane. Text, gärna vild, dekorativ bakgrund och en fet karaktär som syftar till att lyfta figurerna. Det receptet funkar för majoriteten av graffitimålarna, runt om i världen, ivrigt inspirerade av enbart ett par av alla dynamiska stilar som ju 60-talets New York pionjärer bestod av och presenterade globalt. Kanske den största men samtidigt den mest urvattnade konstismen någonsin, även om tex Seens, Phase2 och Blades bilder fortfarande håller inte minst med tanke på den enorma mängd graffitiföljare som återfinns i deras fotspår.

Bless gör en skön kommentar till detta trånga förenklandet av graffitin som företeelse. Med en figur som inte låter sig imponeras utan ser mest orolig ut för gruppens välmående. (Bless är också den enda kvinna i Loads Crew.) Hennes figur ser ut att överväga två möjligheter. Mata den gormande gubben med fisken eller slå honom med den samma? Kanske både ock?

Om jag låter skeptisk till denna typ av graffitimåleri så kan det bero på den mängd av 100 000-tals liknande målningar jag sett genom alla år. Jag har också sett och ser detta gruppmåleri fenomens styrka då stilmåleriet, när det som här är professionellt ger en grupp energi som känns ända in i märgen och genom sin kraft lyfter alla andra målningar som finns i dess närhet. Det är lite som med fenomenet när cyklister cyklar i grupp och där av uppbådar en gemensam energi som lyfter den enskilde att prestera mer än vad hen kunde ha gjort på egen hand. Fast visst hade man önskat att denna samlade energi även hade ett tydligt mål","Bless, medlem i LOADS CREW, deltog i Open Art 2017 och har etablerat sig som en av Sveriges mest intressanta graffitikonstnärer. Gruppen, bestående av Gore, Mech, Bless, Big M och Bane, följer en traditionell graffitistil med text, bakgrund och karaktärer. Bless ifrågasätter dock denna förenkling genom sin figur, som balanserar mellan att mata eller slå en gormande gubbe. Gruppmåleri ger energi och lyfter verken, men saknar ibland en tydlig riktning.",https://sdsirlozivhqmtcexwbu.supabase.co/storage/v1/object/public/bucket/exhibitions/Loads-1727361436717.webp,,north,15,
32,42,Ruskig Angest - Familj,19,null,null,Hangaren,"Familjen. 8X10m. Ruskig Ångest. 2017

För 40 år sedan var det oerhört populärt med vissa motiv i Sverige, inramade och upphängda hemma på folks väggar. Gråtande barn tex. Hur detta kunde bli en trend är något som tåls att tänka på. En annan inte helt tippad favorit var den förföriska och pinuppiga romskan. Ibland påklädd och ibland bystbar, men alltid med ett varmt och inbjudande, starkt leende. En tredje favorit var fiskargubben. En skäggig, grov, lite vemodig, äldre man som med pipan i mun stirrade ut över havet(?).

Ruskig Ångest tyckte det var lite synd att dessa figurer alltid var själva innanför sina ramar varför han i denna målning lät dem bilda en enhet och vara tillsammans. Som en liten familj.

Det fungerade si så där. Romskan kändes en smula förlegad. Finns inte den förföriska kvinnan längre? Eller är det just den förföriska Romska kvinnan som gått ur tiden? Konstnärens egen första bild av Romskan var Katitzi, som på 70-talet var en lika mycket läst barnboks karaktär som Pippi Långstrump men som barn idag knappast hört talas om. 

Och vår bild av den Romska kvinnan är den tiggande personen ute på gatan.

Alla tre varianter av Romskan fick plats på bilden och genast kändes familjebilden komplett.

Familj. Vi har en hel del olika familjebildningar i vårt samhälle idag. Det är en intressant utveckling. Familjens renässans. Mer dynamisk än någonsin.

Ruskig Ångest målning ger en vision av en familj med flera vuxna individer. Där parterna har långt olika kulturell och social bakgrund. En inte allt för enkel resa men ett viktigt måste i det glokala samhället","Ruskig Ångest kombinerar klassiska svenska motiv – den gråtande flickan, den förföriska romskan och fiskargubben – i en målning som skapar en ny familjedynamik. Romskans förändrade roll, från förförisk ikon till tiggande figur, speglar samhällets skiftande syn. Målningen lyfter fram den moderna familjens mångfald, där individer med olika kulturell och social bakgrund samsas. Ett komplext men nödvändigt perspektiv i dagens glokala samhälle.",https://sdsirlozivhqmtcexwbu.supabase.co/storage/v1/object/public/bucket/exhibitions/Ruskig%20Angest%20-%20Familj-1727373176618.webp,http://phpstack-863910-3043731.cloudwaysapps.com/uploads/ruskig-familj_2024-10-17.mp3,east,3,
32,45,Bajja,10,null,null,hangaren,"Övermålat.

Ett öppet, vitt och inbjudande måleri. Mycket individuellt. 

En utjämning med vit färg upplöste den tidigare figurationen och sammanförde allt på ett raffinerat sätt. 

Borta var det självupptagna och det skeva. 

Är målningen klar? Den är övermålad. Borta. Och det intressanta resultatet en effekt av en snabb övermålning. Varför? För det sköna varar inte för evigt. Som Mandala.

Jag vill också delta och bedöma vad skönheten innebär och hur den kan vara oss till nytta. Eller i varje fall i onytta.","“Övermålat” är ett öppet och individuellt verk där vit färg suddar ut tidigare former och skapar en enhetlig helhet. Det självupptagna och skeva försvinner i processen. Är målningen färdig, eller bara en övergång? Övermålningen blir en påminnelse om skönhetens förgänglighet, likt en Mandala. Verket väcker frågor om vad skönhet är, dess nytta – eller kanske snarare onytta – i vårt sätt att betrakta konst och förändring.",https://sdsirlozivhqmtcexwbu.supabase.co/storage/v1/object/public/bucket/exhibitions/Bajja-1727375216689.webp,,east,5,
32,46,Ligisdml.jpg,37,null,null,hangaren,"Ligisd, Vejam och Rizo

12X9m 2014.

Det okonventionella.

Religiös graffiti. Tron till det vi inte begriper.

Graffiti är text. Inte figuration. Men text och bokstäver är figurationer. Förenklingar av figurer.

Graffitins ord är en konstnärlig, visuell och estetisk kommentar till det internationella användandet av ord i såväl tal som skrift. En tro på ordets kraft som vi anammat för att kunna kommunicera enkelt med varandra. Det är en bra tanke. Men kinesiskan, finskan och svenskan är trots detta för långt ifrån varandra så lik förbannat står man där med alla sina uttalade och skrivna ord och kan aldrig förstå varandra och kanske där av aldrig komma överens. 

Graffitins texter kan dock (o)förstås av alla oavsett ursprung. Det är stilens styrka som avgör. Inte vem som gjort den. När Ligisd åter dök upp i Sverige kring 2014 så häpnade graffitiscenen över hans stil som satt som en smäck men andades en osvenskhet vi inte begrep oss på men förfördes av. Nyckeln låg i hans längre vistelser och praktik i Sydamerika och de influenser han fått därifrån. 

Det religiösa i denna målning illustreras med djur/personfiguren, de allseende ögonen, vätskan/födan och skriften. Graffiti som religiös vägledning. Inte illa tänkt. Graffitin och Hip Hop har fortfarande inget manifest. Den är fortfarande öppen för alla. 

När jag själv rest runt om i världen har jag blivit mottagen med öppna armar i alla sammanhang av graffitimålare/konstnärer och HipHop aktivister. Inte för vem jag är, det är helt oviktigt, utan för det jag gör. Jag har blivit omhändertagen av människor från alla möjliga samhällsklasser och med vitt skilda kulturella bakgrunder. Fattiga och rika. Utbildade och outbildade. Det är kraftfulla nycklar till en dynamisk värld fylld av människor som av olika anledningar vill verka för alla andra. Jag har blivit hembjuden, jag har blivit rundvisad och omhändertagen. Jag har fått mat, sovplats och dryck. Och jag har fått måla och projektera till mig visade platser jag aldrig nått annars.

Hangaren är en sådan plats. Hit har flera målare från olika hörn av världen kommit, målat och fått en tid oförglömlig från Malmö, Sverige som de sedan tar med sig hem.","Ligisd, Vejam och Rizo utforskar graffitins religiösa dimension genom text, figurer och symbolik. Graffiti är en visuell tolkning av språk, en kraftfull kommunikation som överskrider talade ord. Ligisd, influerad av Sydamerika, introducerade en osvensk stil som fascinerade scenen. Graffitin förblir öppen för alla, en global gemenskap där konstnärer oavsett bakgrund möts, delar erfarenheter och skapar. Hangaren fortsätter att vara en sådan mötesplats.",https://sdsirlozivhqmtcexwbu.supabase.co/storage/v1/object/public/bucket/exhibitions/Ligisdml.jpg-1727375822322.webp,http://phpstack-863910-3043731.cloudwaysapps.com/uploads/ligis_2024-10-17.mp3,east,6,
32,47,Fups,11,null,null,hangaren,"F.UPS

Familjen

7DC

4X9m

Graffiti som familj.

Det är verkligen ingen ovanlighet att graffitimålare ingår i ett kollektiv. En grupp eller crew. En substitutfamilj. 

Trots att det idag finns väldigt mång kvinnliga målare i Sverige så känner jag inte till ngn kvinnlig graffitigrupp. Inte ens 2 kvinnliga målare som jobbar tillsammans. Medans så gott som 100% av de manliga målarna ingår i någon eller flera grupperingar. 

Ensam är stark. Det är finkonstens hörnsten. Tillsammans är vi starkare. Det är graffitins och HipHopens måtto. Egot i konsten kommer finnas kvar under lång tid. Det finns för många starka individuella och viktiga konstnärsskap för att föringa dess värde. Och det vet vi. Länge leve graffitigruppen och samarbetet som kan ta många och kraftfulla beslut att inte bara lyfta den enskildes skicklighet utan faktiskt allas vår skicklighet. Som individer och som grupp.

Den enorma familjen i vilken alla får vara med.

Hangarens graffiti har den Amerikanska graffitin som förebild. I USA råder fortfarande tanken om den Amerikanska drömmen att den enskilde, oavsett ursprung och social ställning, kan lyckas och tom bli landets president. 

När ska vi hylla den Svenska Drömmen? 

Att vi alla tillsammans kan lyckas och att vi alla tillsammans kan nå alla våra mål.","Graffiti är ofta en kollektiv rörelse, en substitutfamilj där samarbete stärker individen. Trots många kvinnliga målare i Sverige saknas kvinnliga graffitiggrupper, medan nästan alla manliga ingår i crews. Graffitin och Hip Hop betonar gemenskap framför ensamhet, vilket lyfter både individ och grupp. Hangarens graffiti speglar den amerikanska drömmen – men när ska vi hylla den svenska drömmen, där alla tillsammans kan lyckas och nå sina mål?",https://sdsirlozivhqmtcexwbu.supabase.co/storage/v1/object/public/bucket/exhibitions/Fups-1727375951605.webp,,east,7,
32,48,Ruskig,1,null,null,hangaren,"MAKT

Ruskig Ångest 2 väggar 4X5m



Indikatorn och jämlikhetsmakten.



Sura gubbar i rivningshus, övergivna hus och andra mer eller mindre öde platser. Och andra platser. Gubbarna är inte bara sura, utan rätt sega, ledsna, bittra och stundtals blygt förbannade. De flesta är målade med sprayfärg och även om det, tagit väldigt mycket arbete, tid och även resande att göra, så är den enskilde gubben en rätt snabb process. Från 2 minuter till 4 timmar.



Under dessa inledande år så har det hunnit bli en del gubbar. Några visas här. Många, många fler kommer det att bli. Någon tycker kanske att det kan ju inte vara speciellt skoj att ägna sig åt att måla sura gubbar hela tiden, och det har de rätt i. Det är däremot väldigt viktigt. Jag har bestämt sig för att fortsätta måla dessa sura gubbar ända tills ett väldigt viktigt mål är uppnått. Det målet är jämlikheten. Den dagen det är jämlikt i Sverige så kommer den sura gubben bli glad.



Gubben är alltså inte bara en sur gubbe utan även en indikator. Gubbens mungipor kommer peka uppåt den dagen makten i Sverige delas lika mellan de båda könen. Det finns två makter tänker jag. Den ena är uppfostransmakten. Den har kvinnor i Sverige. Den andra är företagsmakten. Den makten har männen. Låt oss säga att 90% av kvinnorna vinner vårdnadstvister eller till största delen har den rejäla makten över uppfostran i Sverige och att 90% av männen sitter i de största företagens styrelser så är dessa påståenden ingen överdrift. Jag tror att dessa procentuella skillnader i maktfördelning har enormt mycket med varandra att göra. Det är hela intentionen med SurGubben/Indikatorn, och således syftet.



Den dagen kvinnor och män är jämnt representerade i dessa två, för samhället, viktigaste maktcentrum, den dagen kommer gubben bli glad.



Vill du vara med i denna process? Måla en riktigt grinig gubbe.



I oktober 2013 kom jag på att mitt projekt inte är jämställt eftersom jag bara målar gubbar, så därför har jag börjat måla sura tanter också.

Under 2017 har projektet börjat ändras i riktning mot en nyansering av Genusproblematiken.","Ruskig Ångests sura gubbar, målade på öde platser, är mer än konst – de är indikatorer för jämlikhet. Gubbens mungipor kommer att peka uppåt den dag makten i Sverige delas lika mellan könen. Kvinnor har uppfostransmakten, män företagsmakten, och dessa obalanser hör ihop. Konstprojektet har utvecklats till att inkludera sura tanter för en bredare genusdiskussion. Vill du delta? Måla en riktigt grinig gubbe och bli en del av processen.",https://sdsirlozivhqmtcexwbu.supabase.co/storage/v1/object/public/bucket/exhibitions/Ruskig-1727376210950.webp,,east,8,
32,49,LisaEwald,13,null,null,hangaren,"Lisa Ewald 2014

4X8m



Innan jag beskriver Lisas verk vill jag berätta om ett samtal Lisa överhörde för en tid sedan mellan mig och en reporter med väldigt tjocka genusglasögon. Jag och Lisa var involverade i samma måleriprojekt på Kållereds Pendeltågstation i Mölndal och jag blev intervjuad av lokalradion pga av denna måleriska gestaltning. Mitt i intervjun bytte reportern plötsligt samtalsämne och frågade mig med en skarp ton i stämman; ”Hur många figurer har ni målat i verket?” Jag svarade att jag var osäker men kanske 20 olika figurationer. ”Och hur många av dessa är kvinnliga figurer?”, frågade hen vidare och spände anklagande blicken i mig. ”Jag är lite osäker men…”, började jag men blev bryskt avbruten mitt i min mening. ”Det är bara 3 kvinnliga figurer av alla ni målat därnere!”, fortsatte hon både triumferande och närmast ilsket. Jag förklarade för hen att hen måste misstagit sig rejält och utan att jag räknat skulle jag gissa att figurerna, om de nu nödvändigtvis måste könsbestämmas, så var de säkerligen jämnt representerade. Hen stod dock på sig och menade på att hen precis innan vårt samtal varit och räknat figurerna på pendeltågstationen och under resten av intervjun gjorde hen en stor sak av hur ojämlikt det var på kvinnors bekostnad i samhället i stort och i synnerlighet i vår graffitigestaltning.

När intervjun var över gick jag direkt och räknade antal tydligt kvinnliga karaktärer i vår bild samt antal manliga. Det visade sig vara 9 manliga och 13 kvinnliga. Jag blev irriterad naturligtvis och sa till reportern att hen gärna fick ta av sig sina färgglada och överdimensionerade genusglasögon och räkna igen. Hen använde sig då av en väldigt känd och beprövad härskarmetod, dvs fullkomlig tystnad. 

Lisa Ewald, som nämnt i inledningen, överhörde samtalet och skrattade åt komiken i det hela. Även om jag var ganska upprörd så tog vi det hela med en nypa salt. (Reportern skulle strax få sparken ändock.) Lisas kommentar till det hela var: ”Jag gillar galna feminister!”

Med denna kommentar i bakhuvudet iakttar jag Lisas verk i Hangaren. Kanske det tydligaste politiska verket härinne. Av besökare ett av det mest uppskattade verket helt klart. Inte minst bland kvinnliga besökare. Lisa har berättat för mig att hon enbart målar just kvinnliga figurer men i detta verk har hon gjort ett undantag.  Hon har medvetet och tydligt gjort en parafras av en klassisk bild och tema väll använt där en kvinnofigur sitter med ett avhugget manshuvud i knät. Jag syftar tex på målningen ”Judith Slaying Holofernes” av Artemisia Gentileschi från 1600-talet eller samtida med Linn Fernströms halshuggning av sin professor Dan Wolgers när hon studerade på Mejjan i Stockholm eller hennes hals sargning av Ingemar Bergman. Här finns det många exempel som eventuellt kan kännas hyfsat berättigade när kvinnor får nog och hugger huvudet av männen som på olika sätt gör tillvaron jobbig för dem. Lisas bild tar dock ytterligare ett steg. Hennes kvinnliga figur håller inte ett manshuvud i knät. Utan ett avhugget pojkhuvud. ”Kill them before they grow.” Bob Marley från låten I Shot the Sheriff.

Är detta ett tidstecken i Sverige under 2000-talet? Är det okej att radioreportrar fullkomligt vrider på fakta för sin egen övertygelses skull? Är männen en sådan fara för samhället att det är lika bra att mörda, könsstympa dem eller på annat sätt förminska dem innan de når vuxen ålder? Här pratar vi ju bara utifrån ett konstverk, men när pojkar i Sverige idag missgynnas i betygsättningen gentemot flickor, när betygen jämförs med hur barnen klarat de nationella proven, skall tendensen tas på fullaste allvar.

Carolina Falkholts budskap genom hennes vaginala graffitisymboler har satt igång en enorm debatt i Sverige på alla nivåer. Jag anser att Lisa Ewalds verk borde få ett minst lika stort utrymme.","Lisa Ewalds verk i Hangaren är ett av de mest politiska och uppskattade, särskilt bland kvinnor. Hon målar enbart kvinnliga figurer men gör här en undantag – en parafras av klassiska halshuggningsteman där en kvinna håller ett avhugget pojkhuvud. Inspirerat av Bob Marleys “Kill them before they grow” väcker det frågor om samhällsutvecklingen. Är pojkar i Sverige missgynnade? Hur påverkar ideologisk vinkling i media jämställdhetsdebatten?",https://sdsirlozivhqmtcexwbu.supabase.co/storage/v1/object/public/bucket/exhibitions/LisaEwald-1727376434669.webp,,east,9,
32,50,RuskigMakt,19,null,null,hangaren,"MAKT

Ruskig Ångest 2 väggar 4X5m



Indikatorn och jämlikhetsmakten.



Sura gubbar i rivningshus, övergivna hus och andra mer eller mindre öde platser. Och andra platser. Gubbarna är inte bara sura, utan rätt sega, ledsna, bittra och stundtals blygt förbannade. De flesta är målade med sprayfärg och även om det, tagit väldigt mycket arbete, tid och även resande att göra, så är den enskilde gubben en rätt snabb process. Från 2 minuter till 4 timmar.



Under dessa inledande år så har det hunnit bli en del gubbar. Några visas här. Många, många fler kommer det att bli. Någon tycker kanske att det kan ju inte vara speciellt skoj att ägna sig åt att måla sura gubbar hela tiden, och det har de rätt i. Det är däremot väldigt viktigt. Jag har bestämt sig för att fortsätta måla dessa sura gubbar ända tills ett väldigt viktigt mål är uppnått. Det målet är jämlikheten. Den dagen det är jämlikt i Sverige så kommer den sura gubben bli glad.



Gubben är alltså inte bara en sur gubbe utan även en indikator. Gubbens mungipor kommer peka uppåt den dagen makten i Sverige delas lika mellan de båda könen. Det finns två makter tänker jag. Den ena är uppfostransmakten. Den har kvinnor i Sverige. Den andra är företagsmakten. Den makten har männen. Låt oss säga att 90% av kvinnorna vinner vårdnadstvister eller till största delen har den rejäla makten över uppfostran i Sverige och att 90% av männen sitter i de största företagens styrelser så är dessa påståenden ingen överdrift. Jag tror att dessa procentuella skillnader i maktfördelning har enormt mycket med varandra att göra. Det är hela intentionen med SurGubben/Indikatorn, och således syftet.



Den dagen kvinnor och män är jämnt representerade i dessa två, för samhället, viktigaste maktcentrum, den dagen kommer gubben bli glad.



Vill du vara med i denna process? Måla en riktigt grinig gubbe.



I oktober 2013 kom jag på att mitt projekt inte är jämställt eftersom jag bara målar gubbar, så därför har jag börjat måla sura tanter också.

Under 2017 har projektet börjat ändras i riktning mot en nyansering av Genusproblematiken.","Ruskig Ångests sura gubbar är mer än konst – de är en indikator för jämlikhet. Målningen symboliserar obalansen mellan kvinnors uppfostransmakt och mäns dominans i företagsstyrelser. När dessa jämställs, kommer gubben att bli glad. Projektet utvecklas nu med sura tanter för att nyansera genusfrågan. Vill du delta? Måla en grinig gubbe och bli en del av processen mot en mer jämställd maktfördelning i Sverige.",https://sdsirlozivhqmtcexwbu.supabase.co/storage/v1/object/public/bucket/exhibitions/RuskigMakt-1727376560601.webp,,east,10,
32,51,Uarlr,15,null,null,hangaren,"U&Ir1

4X10m. 2014.

För ungefär 100 år sedan formulerades konstruktivismens idéer. Tanken att skapa en konst och ett bildspråk som förstås av alla människor över hela världen oavsett bildning, modersmål och ursprung. Bildspråket byggdes på matematik, tankar om själen och ideerna om den gudomliga geometrin. Iof inget nytt under solen då man, inte minst inom islam, använt sig av abstraktion och geometriska mönster för att undvika schabloner och personifiering av tex Gud. Konstruktivismens idéer var fina och hjärtliga men blev snarare mottagna som obegripliga, torra och svåråtkomliga av kreti och pleti. Lite för fint och akademiskt. Under 100 år av modernism och samtidskonst kan man påstå att ingen konstism lyckats med den internationella bedriften att förstås av alla, men där mångkulturen, gatukonsten och graffitismen lyckats allra bäst.

U&Ir1 kombinerar det konstruktiva med graffitins lek med ord. Något medvetet användande av matematiken, såsom Roten ur 2 eller det gyllene snittet, finns knappast men ändock finns här både spänning och harmoni. Bilden är tekniskt och hantverksmässigt väldigt skickligt utförd. Pedantiskt hantverk på fri hand.

En vid första ögonkastet trist, obegriplig och grå kreation men studera den gärna lite extra så framträder de monumentala bokstäverna U(you), &(and), I(I), r(are) och 1(one), väldigt tydligt. 

Du och jag är ett.

Så fint.","U&Ir1 förenar konstruktivismens idéer med graffitins lek med ord, där matematiska principer ersätts av visuell harmoni. Verket kan vid första anblick verka grått och obegripligt, men avslöjar vid närmare granskning bokstäverna “You & I are one”. Genom pedantiskt hantverk på fri hand lyckas U&Ir1 skapa en balans mellan abstraktion och tydligt budskap, där konst och kommunikation smälter samman i en kraftfull enhet.",https://sdsirlozivhqmtcexwbu.supabase.co/storage/v1/object/public/bucket/exhibitions/Uarlr-1727376806727.webp,,east,11,
32,52,Max,16,null,null,hangaren,"Max Solca

Melodin 2015. 4X10m. 

Serier i storformat.

Max hade ambitionen att göra 100 stora seriemålningar i offentlig miljö under loppet av ett år.

Detta är en av dem.

Att graffitins bildspråk är starkt influerat av populärkulturens bilder råder inget som helst tvivel om, där seriernas värld inspirerat tydligast.

Ända sedan 70-talet skiner Vaughn Bodés ekivoka bildspråk igenom i 10 000-tals av dagens graffitimålerier men i en abstraktare porrabstarktion där det illustrativa förvandlats till en non figurativ kraft. 

Att berätta en historia i det offentliga är ju oerhört tacksamt för den som vill nå ut med sitt budskap. Idag verkar många kulturbärare ha glömt detta och vill hellre berätta för en smal elit i de fina salongerna istället för som reklammakarna- nå ut till både eliten och precis alla andra genom att synas i det allra finaste rummet- vårt gemensamma vardagsrum, gatorna, det offentliga och staden. Och överallt.

Jag tänker på danske Husk-Mit-Navn när jag ser graffiti serier. Husk, som i slutet av 90-talet tog över centrala Köpenhamn, bla med sin Vinter-Pik, och som även är synlig dagligen i Det Berlinske Tiderne, (Danmarks motsvarighet till Dagens Nyheter), där han kommenterar dagsaktuella händelser och skeenden. I Sverige lyser den sortens politiska kommentarer med sin frånvaro. När vi genom tiderna har haft mängder av knivskarpa, politiska, konstnärliga och skickligt tecknande förmågor som signaturerna EWK, OA, Albert Engström och Erik Lindorm så finns det kanske ett fåtal kvar idag. (Liv Strömquist är ett samtida exempel.)

Inom graffitivärlden har några berört detta ansvar såsom ev. Max, GI, Lisa Ewald och ibland Tiger. (Finns hon fortfarande?) Men handen på hjärtat, det politiska konstnärliga arvet inom Hip Hop Kulturen har rapparna tagit genom Timbuktu, Sebbe, Rosh, Vic Vem, Erik Lundin, Silvana Imam, Ivory mfl.

Men vi kanske kommer att få uppleva en ny generation inspirerade utav dessa förebilder? Politiskt drivna och motiverade målare? Rappen har tagit, som sagt, ett musikaliskt ansvar. Nu är det läge för graffitin. Dags att torka tårarna Max. Och skruva upp volymen. Vad är det politikerna varit rädda för när de känt sig tvungna att förbjuda graffitin under 15 år?

Verktyg för strid. Gräsrots Hip Hop.","Max Solca ville skapa 100 seriemålningar på ett år, en hyllning till graffitins koppling till populärkultur. Hans verk för tankarna till Vaughn Bodé och danske Husk-Mit-Navn, men i Sverige saknas ofta politisk graffiti. Medan rapmusiken burit det konstnärliga ansvaret, är det dags för graffitin att kliva fram. Kan en ny generation föra gatukonsten tillbaka som ett verktyg för samhällsförändring?",https://sdsirlozivhqmtcexwbu.supabase.co/storage/v1/object/public/bucket/exhibitions/Max-1727376906665.webp,,east,12,
32,53,Unkolor,25,null,null,hangaren,"UN KOLOR DISTINTO- en annan färg.

4X9m 2015.

Cines o Jekse från Valparaiso, Chile. 

Vi har 3 tydliga par melodramer för närvarande i Hangaren. Ett av dem är verket ”Un Kolor Distinto” som är målat under sommaren 2015 av paret Cines och Jekse. Precis som de illustrativa figurerna i måleriet så består paret av en man och en kvinna. Och i detta fall, ett par som befinner sig mitt i kärlekens ljuvliga musik. 

Det är ju ett riktigt fint exempel på hur jämlikt, lyckligt och samspelt det kan bli, våra olika kön till trots.

Figurerna liknar varandra och passar fantastiskt bra ihop. Det som förstärker mannen är ju att han måste ju dock, hur lika vi än vill vara, kunna behärska något utöver att bara vara man. Varför hans karaktär förstärks av det saxofon liknande instrumentet ur det inte bara kommer förföriska ljudbubblespermier som märkbart pockar på kvinnans uppmärksamhet, utan det växer även såväl önskningar om mat och barn ut instrumentets mynning. 

Kvinnan är hänförd. Hon behöver inget instrument. Ur henne kommer det inte bara små blommor utan ett helt träd med djur, mat och riktiga barn. Inga önskningar. 

Jag skulle sätta en slant på att paret Cines/Jekse blir gravida inom kort. Två färger blir en.","Un Kolor Distinto” av Cines och Jekse från Chile skildrar kärlekens harmoni genom ett jämlikt och samspelt par. Mannens saxofonliknande instrument sprider ljud, önskningar och liv, medan kvinnan bär på en naturlig skaparkraft där blommor, djur och barn växer fram. Verket blir en poetisk hyllning till balans och samhörighet mellan könen. Två individer, två färger, som smälter samman till en enhet i kärlekens ljuvliga melodi.",https://sdsirlozivhqmtcexwbu.supabase.co/storage/v1/object/public/bucket/exhibitions/Unkolor-1727377002622.webp,,east,13,
32,54,Morgon,18,null,null,hangaren,"Morgan Tabernik. 

10X9m. 2013. 

Konstnären ansåg uppenbarligen att den givna ramen inte räckte till för att begränsa hans verk, varför han målade ytterligare en ram i ramen. För att förhindra att verket riskerade att upplevas som stelt och statiskt hamnade den illusionära ramen på sniskan så att den i verket bildar fyra diagonaler. Diagonalen= Världens mest vanligaste och effektivaste kompositionsknep? Här funkar det iaf och resulterar i Hangarens kanske mest grafiska verk. Innanför romben pågår en intensiv kamp om utrymmet. Det är klassiska byggstenar från graffitins bildspråk som pockar på ytan och uppmärksamheten. 

Stereotyper och symboler som en gång i tiden fick sin position inom graffitin tack vare en tydlig idé och funktion av New Yorks graffitipionjärer men som sedan efterapats av målare runt om i världen utan att dess faktiska ursprung och betydelse visas hänsyn. Ofta tomma plagiat i syfte att nå samma status, erkännande och rykte som upphovsartisterna. Hur många Seen, Phase 2, Dondi och Blade kopior har vi inte bara i Malmö? Att skriva sitt namn och illustrera med en Walt Disney figur är världshistoriens mest urvattnade uttryck.

Morgan Tabernik kan dessa former och byggstenar.

I detta verk finns inte självnamnet och ordet kvar. Inga färger heller. Utan bara klossarna eller formerna man vanligtvis använder. Morgan ställer en fråga. Vad händer om ramen sprängs och alla bildelement far ut i intet? Absolut ingenting, är svaret. Men vad händer om konstnären tar alla byggstenar och bygger något helt annat än sitt namn och Musse Pigg? Då kan ju exakt vad som helst hända! Morgan är Hangarens yngsta konstnär och jag väntar nyfiket på hans nästa monumental verk.","Morgan Tabernik utmanar gränser genom att måla en ram i ramen, där diagonaler skapar dynamik i ett av Hangarens mest grafiska verk. Han bryter med graffitins tradition av namn och färg, istället fokuserar han på dess grundläggande byggstenar. Genom att ifrågasätta kopierade symboler och efterapning öppnar han för nya möjligheter. Som Hangarens yngsta konstnär lovar hans nästa verk att bli lika innovativt.",https://sdsirlozivhqmtcexwbu.supabase.co/storage/v1/object/public/bucket/exhibitions/Morgon-1727377109996.JPG,,east,14,
32,55,Ruskig,12,null,null,hangaren,"MAKT

Ruskig Ångest 2 väggar 4X5m



Indikatorn och jämlikhetsmakten.



Sura gubbar i rivningshus, övergivna hus och andra mer eller mindre öde platser. Och andra platser. Gubbarna är inte bara sura, utan rätt sega, ledsna, bittra och stundtals blygt förbannade. De flesta är målade med sprayfärg och även om det, tagit väldigt mycket arbete, tid och även resande att göra, så är den enskilde gubben en rätt snabb process. Från 2 minuter till 4 timmar.



Under dessa inledande år så har det hunnit bli en del gubbar. Några visas här. Många, många fler kommer det att bli. Någon tycker kanske att det kan ju inte vara speciellt skoj att ägna sig åt att måla sura gubbar hela tiden, och det har de rätt i. Det är däremot väldigt viktigt. Jag har bestämt sig för att fortsätta måla dessa sura gubbar ända tills ett väldigt viktigt mål är uppnått. Det målet är jämlikheten. Den dagen det är jämlikt i Sverige så kommer den sura gubben bli glad.



Gubben är alltså inte bara en sur gubbe utan även en indikator. Gubbens mungipor kommer peka uppåt den dagen makten i Sverige delas lika mellan de båda könen. Det finns två makter tänker jag. Den ena är uppfostransmakten. Den har kvinnor i Sverige. Den andra är företagsmakten. Den makten har männen. Låt oss säga att 90% av kvinnorna vinner vårdnadstvister eller till största delen har den rejäla makten över uppfostran i Sverige och att 90% av männen sitter i de största företagens styrelser så är dessa påståenden ingen överdrift. Jag tror att dessa procentuella skillnader i maktfördelning har enormt mycket med varandra att göra. Det är hela intentionen med SurGubben/Indikatorn, och således syftet.



Den dagen kvinnor och män är jämnt representerade i dessa två, för samhället, viktigaste maktcentrum, den dagen kommer gubben bli glad.



Vill du vara med i denna process? Måla en riktigt grinig gubbe.



I oktober 2013 kom jag på att mitt projekt inte är jämställt eftersom jag bara målar gubbar, så därför har jag börjat måla sura tanter också.

Under 2017 har projektet börjat ändras i riktning mot en nyansering av Genusproblematiken.",Ruskig Ångests sura gubbar är en konstnärlig indikator för jämlikhet. De symboliserar obalansen mellan kvinnors uppfostransmakt och mäns dominans i företagsstyrelser. Målet är att gubben ska bli glad – den dag makten i Sverige delas jämnt mellan könen. Projektet har utvecklats och inkluderar nu även sura tanter för en mer nyanserad genusdiskussion. Vill du delta? Måla en grinig gubbe och bidra till samtalet om rättvis maktfördelning.,https://sdsirlozivhqmtcexwbu.supabase.co/storage/v1/object/public/bucket/exhibitions/Ruskig-1727377255038.webp,,east,15,
32,56,DrottningOreda,20,null,,hangaren,"Drottning Oreda

4X9m 2017

Det går att peka på en målning och snabbt konstatera att denna har en man gjort. Kanske jag upplever MOA målningen i Hangaren som den ”mest” manliga. Och Oredas målning som den ”mest” kvinnliga. Den är också ganska ängslig och osäker. Rent av feg? Eller rädd? Det kan man ju inte anklaga Monster Of Art målningen för att vara. 

Det är en myt och en fördom att kvinnliga graffitimålare skulle föredra mjuka former och pastellfärger. Det stämmer överhuvudtaget inte. Jag har knappt sett några sådana varianter av målerier överhuvudtaget men det är en lika seglivad myt liksom att det står ”kuk” överallt i vårt samhälle.  Men Oredas är just så tjejig som myten lovar. Pastellfärger och mjuka former. Det skulle kunna ha blivit en helt och hållet mesig målning om det inte vore för hur de, trots allt energifyllda men vilsna figurerna jobbar hårt för att bryta upp ytan de förhåller sig till. Det är som ett fängelse för figurerna som förvisso bär androgyna drag men som för mig är 100% kvinnor. De jobbar stenhårt på att knäcka den strukturen som håller dem fast i mesigheten och osäkerheten.

Något som slår mig är att jag aldrig någonsin hört talas om en kvinnlig graffitigrupp. Är det så? Vill de kvinnliga utövarna måla med män eller med sig själva? Aldrig med andra kvinnor. Att MOA bara består av män där det individuella är helt ointressant är ingen nyhet. Det är enbart gruppen som är viktig. Inte individen.

När får vi se en grupp bestående av bara kvinnor? Dvs på ett eget privat initiativ och inte en konstruktion av samhället och politiskt korrekta beslut. Idag finns det 10000-tals organisationer enbart för kvinnor i Sverige och endast 7 för män. Dagligen arrangeras 100-tals politiskt motiverad verksamheter enbart för kvinnor där så väl pojkar som män är uteslutna, vilket inte stör dem nämnvärt då de grupp samarbetar med självklarhet och övertygelse ändå. 

Är det önskvärt att se kvinnor samarbeta på egna villkor och på samma självklara sätt?

Eller är det dags att för alltid lägga ner kvinna och man tänket och på allvar alltid samarbeta tillsammans oavsett kön och genus?","Drottning Oredas verk i Hangaren framstår som den “mest” kvinnliga, med pastellfärger och mjuka former. Dess figurer kämpar dock för att bryta sig ur en begränsande struktur. Graffitivärlden saknar kvinnliga grupper, medan manliga crews dominerar. Är det dags för kvinnor att organisera sig på egna villkor, eller bör könstänkandet slopas helt för ett gemensamt skapande? Oredas målning väcker frågor om självständighet, samarbete och könsroller inom graffitin.",https://sdsirlozivhqmtcexwbu.supabase.co/storage/v1/object/public/bucket/exhibitions/DrottningOreda-1727377380744.webp,,east,16,
32,57,Amara Por Dios.,21,null,null,hangaren,"Amara Por Dios.

4X10m 2013.



En av de absolut första att måla i Hangaren var Amara Por Dios. Eller Herre Gud Amara! Hennes mor är från Chile och när Amara, som barn, gjorde något tokigt så utbrast modern på detta sätt. Och det hände rätt ofta. 

Det blev ett viktigt verk för Hangaren. Och för Amara. 2013 kunde inte Amara måla detta verk i sin hemstad Stockholm eftersom hennes och massa andra graffitimålares konst, var förbjuden där. Men här fick hon utrymme och när hon var klar med denna målning, den första av denna kaliber, sa hon bestämt, ”Jag ska aldrig måla något mindre än detta igen.”

Amara har här visualiserat den Svenska folkmusiken. Folkets konst. Alla folkens konst. Den Svenska Folkkonsten som inte bara är Svensk. Den är Internationellt folklig och likaså Chiliensk. Vilket ursprung har Amaras starka karaktär? Maya indiansk? Great Zimbabwe afrikansk? Något från Mesopotanien? Grönländsk eller Samisk? Indonesisk? 

En urfigur. Som berör alla oavsett ursprung. Ett igenkännande. Vår Malmöit.",,https://sdsirlozivhqmtcexwbu.supabase.co/storage/v1/object/public/bucket/artworks/amara%20(1).webp,,south,0,
32,58,Brain Mack.,22,null,null,hangaren,"Brain Mack.

10X7m. Målad av Delicious Brain, Dotsy och Scope. Omatiks 2014.

Här har vi uppenbarligen en snubbe med en enorm hjärna som inte låter sig nöjas med den.

Istället samlar han på sig kopiösa mängder av hjärnor på sin färd.

Han är helt enkelt omättlig.

All människor har en girig sida. Eller ådra. I vårt samhälle tycker vi att girigheten är bra. Den har fria tyglar. Roffa åt dig så mycket du kan.

Dåtidens ”vinst är ren stöld” har blivit ”vinst är den enda drivkraft vi känner till”.

Sommaren 2015 äger ca. 80 människor 50% av allt.

Här är en av dem målad i Hangaren. Ingen gör något för att hindra denna girighet. Folket, i form av en fågel, hjälper istället till. De vill också ha vinst och tror att de ska få det genom att hjälpa den giriga. Det kanske sipprar ner. Det gör det inte. Och de får ingen vinst. 

Målet är inte att alla ska vinna. Målet är att en person skall vinna.

Vem blir först att äga hela världen?","Brain Mack.

10X7m. Målad av Delicious Brain, Dotsy och Scope. Omatiks 2014.

Här har vi uppenbarligen en snubbe med en enorm hjärna som inte låter sig nöjas med den.

Istället samlar han på sig kopiösa mängder av hjärnor på sin färd.

Han är helt enkelt omättlig.

All människor har en girig sida. Eller ådra. I vårt samhälle tycker vi att girigheten är bra. Den har fria tyglar. Roffa åt dig så mycket du kan.

Dåtidens ”vinst är ren stöld” har blivit ”vinst är den enda drivkraft vi känner till”.

Sommaren 2015 äger ca. 80 människor 50% av allt.

Här är en av dem målad i Hangaren. Ingen gör något för att hindra denna girighet. Folket, i form av en fågel, hjälper istället till. De vill också ha vinst och tror att de ska få det genom att hjälpa den giriga. Det kanske sipprar ner. Det gör det inte. Och de får ingen vinst. 

Målet är inte att alla ska vinna. Målet är att en person skall vinna.

Vem blir först att äga hela världen?",https://sdsirlozivhqmtcexwbu.supabase.co/storage/v1/object/public/bucket/artworks/south-two%20(1).webp,,south,0,
32,59,NNER TSM,23,null,null,hangaren,"NNER TSM 2014

10X10m Spray på tegel.

Den svenska bilden av Amerika.

Den amerikanska drömmen. Jag kan nå alla mina drömmar.

En graffitimålartrio har gjort denna målning. Hefa, Vader och Days. De är alla delar av målargrupperingarna TSM- Trippy Spray Magicians och NER- Nothing Else Rocks. 

Det första jag tänker på när jag ser denna målning är hur vi svenskar ser på USA och vi vill gärna berätta om den tanken för andra svenskar. Jag tänker också på den lite komiska motsvarighet som finns i tivoli måleriet. Ett antal polska airbrush konstnärer står för majoritet av de målerier vi ser på tivolin runt om i Sverige och Europa. Alla med liknande budskap som handlar om hur vackert, lyxigt och färgglatt det är i USA. Tivolimålerierna känns dock sällan egen upplevda utav konstnärerna utan mer en illustration av symboler av något som inte finns eller kanske finns överallt i närmsta lågprisvaruhus. Inslagen och paketerad lycka.

I trions målning Writers On The Storm (E.Y.E), finns inte ens pseudolyxet kvar utan enbart öken och en fantastiskt underbart vacker och samtidigt livsfarlig och fullkomligt förgiftad atmosfär där den giftgröna luftburna syran rör sig som ett bedårande norrsken över himlen. Av levande varelser finns inga spår. En benhög bildar ett monument över gruppen NER. Växtligheten är det dock inte helt kört för. Gruppen TSM står kvar och lever i form av vattensnåla kaktusar. I gruppen finns det hopp för den ensamma graffitimålaren som tar den sista(?) oljeslukande motorcykeln på jakt efter ett nytt land av mjölk och honung.

Kanske mot Sverige? Där har vi åtminstonde historiskt haft en annan dröm en den amerikanska.

VI kan alla nå våra drömmar. Tillsammans.","NNER TSM” skildrar svenskens bild av USA och den amerikanska drömmen. Graffititrion Hefa, Vader och Days skapar en dystopisk vision där öken och giftgrön syra dominerar, långt från tivolimåleriernas falska lyx. Gruppen NER förvandlas till benrester, medan TSM överlever som kaktusar. En ensam graffitimålare färdas genom förödelsen – kanske mot Sverige, där drömmen handlar om att nå framgång tillsammans.",https://sdsirlozivhqmtcexwbu.supabase.co/storage/v1/object/public/bucket/artworks/south%20(1).webp,,south,0,
32,60,Diare,24,null,null,hangaren,"Space

8X9m 2014

Och en ung mans relation till kvinnan.

Men först ett konstaterande. Bara för att ett verk får ett generöst kommunalt kultur bidrag så blir det per automatik inte det bättre verket i sitt sammanhang. Space lyckades med bedriften att som den enda av alla som målat i Hangaren få ett ekonomiskt stöd för sin insatts av Malmö Kulturnämnd. 

Space målade denna genomgående rymd-liga abstraktion med undantag för den gåtfulla, bestämda, dominanta, något sensuella kvinnokaraktär som genom sin blick drar uppmärksamheten till sig.

En ung graffitimålare är kanske inte alltid den mest bildsköne men genom sitt måleri väcker han en kvinnas intresse likt en påfågel som spänner sina bedårande stjärtfjädrar för att påvisa sin skönhet, energi och styrka.  Är det Space drivkraft? Det är då verkligen inte första gången i graffitins historia måleriet använts för att imponera på det motsatta könet.

Men jag tvivlar på att det är den huvudsakliga intentionen. 

Som ung manlig graffitikonstnär har du oftast växt upp och fostrats av enbart kvinnor. Och de kommer alltid finnas där i olika skepnader. Detta är kanske en hyllning eller ett abstraherande av modern? Eller är det mötet med alla kvinnliga representanter inom konst och kultursektorn? Eller är det en symbol för Matriarkatet som uppfostrings makten innefattar? En tillsynes rörig men fast förankrad kvinnlig struktur i det kosmiska altet och universum. 

Var finns det typiskt manliga i Space måleri och i hans förhållningsätt till allt vårt gemensamma?","“Space” är en rymdinspirerad abstraktion med en gåtfull, dominant kvinnokaraktär i fokus. Trots att det är det enda verket i Hangaren med kommunalt stöd, är dess betydelse djupare än ekonomiskt erkännande. Verket kan vara en hyllning till modern, en reflektion över kvinnans roll inom konst och kultur, eller en symbol för uppfostringsmaktens matriarkat. Space utforskar balansen mellan det manliga och kvinnliga i en kosmisk struktur.",https://sdsirlozivhqmtcexwbu.supabase.co/storage/v1/object/public/bucket/exhibitions/Diare-1727381818333.webp,,west,1,
32,61,Moa,25,null,null,hangaren,"MOA- Monsters Of Art

15X9m 2015

Många gånger har jag försökt bjuda in Danska MOA i olika konst/graffitisammanhang. Typ HipHopFestivaler, utställningar eller målarmöten. De har alltid vänligt men tydligt tackat nej med hänvisning till att de är tågmålare. Och inget annat.

Jag blir därför väldigt förvånad när jag blir kontaktad av dem och de undrar om de kan få göra ett verk i Hangaren. Självklart! Levande internationell graffitihistoria. Här. Starkt.

Och det blir en stor Monsters Of Art med tungt sidkickande från VIM(S) och ALL(N) även Danska pionjärerna Toys är signerade. MOA, för de som kan sin graffitihistoria, har man sett och ser på de Danska tågen i över 20 års tid. Varje år, varje månad, dag och timme. Det har inte varit en minut utan att någon av deras målningar rullat i den offentliga trafiken. En bedrift.

MOA är ett kollektiv. Ett radikalt konstkollektiv. Den individuella målaren, ingår i en grupp där gruppen och det gemensamma är tydlig prioritet. Gruppens arbete är i fokus. MOA verkar för folkets gemensamma röst i stark motverkan i förhållande till de dominerande marknadskrafternas kommersialisering av vårt gemensamma stadsutrymme

MOA´s tågmåleri har alltid kännetecknats av energi, stil, dynamik, kraft, skicklighet och mod. Inget tjafs om att, bara-det-är-på-tåg, så är det bra. Att det är svårt eller historiskt förankrat räcker inte för MOA. Kvalité är målet. Det ideella kollektivet. Folket. Mot det allt mer opåverkningsbara kapitalet. 

Hur många målningar har MOA utfört på de Danska tågen sedan mitten av 1990-talet? 15 000? 20 000? Fler? Ingen vet säkert. 

Kampen fortsätter.","MOA – Monsters Of Art har i över 20 år dominerat danska tåg med sitt ikoniska måleri. Trots att de tidigare avstått från utställningar kontaktade de Hangaren för att skapa ett verk – ett historiskt ögonblick. MOA är ett radikalt kollektiv där gruppen går före individen, en motkraft till kommersialiseringen av stadsrummet. Med energi, stil och mod fortsätter de sin kamp för konst, kvalitet och folkets röst i det offentliga rummet.",https://sdsirlozivhqmtcexwbu.supabase.co/storage/v1/object/public/bucket/exhibitions/Moa-1727381864335.webp,,west,2,
32,62,Artista,26,null,null,hangaren,"Artista 2013

8X7m

Artista är en graffitimålare boende och verksam i London. En stor del av hennes produktion gestaltar pyramiden. Inte sällan i skepnad av tårtor. Desperat vrålar hon i bjärta, och gärna pastellelliga, färger att hon helst vill ha födelsedag och kalas varje dag.

Artistas pyramid härstammar även från det amerikanska allseendet ögat som bla återfinns på dollarsedeln och symboliserar de tretton första delstaterna och dess framtida maktutveckling, pyramidsymbolen används även i andra religiösa och gudomliga sammanhang som i tex den vietnamesiska religionen Cao Dai eller hos frimurarsällskap. Inom graffitivärlden symboliserar inte sällan ögonpyramiden en idé om att anarkin skall ta över internationellt och ett utopiskt paradis skall uppstå utan religion, regeringar eller någon form av privat/statligt ägande. Naiva och charmiga tankar i ett lika naivt och charmigt måleri.

Sprayfärgen sprutar ut rena, ulliga och vita moln och syre som får oss att leva och andas. Läkarna räddar liv men konst och Artistas måleri gör våra liv värda att levas. Luftballongen med Artistas loggo visar hennes vilja att ta oss till fantastiska platser och höjder där det finns både diamanter och mysig tillvaro gestaltat av stearinljus och musik.

Så har vi den utrotningshotade pandan som tagit ett rejält grepp om den unga kvinnan som frånvarande och undvikande slutit sina ögon. Är det Artista som skämligt inte längre vill delta som människa utan bli ett med det hotade djuret för att ingå i det naturliga, ursprungliga och anarkistiska i motsats till det av mänskligheten ofta skrämmande och destruktivt konstruerade samhället?","Artista, en Londonbaserad graffitimålare, skapar färgstarka pyramider, ibland som tårtor, i en lekfull längtan efter evigt firande. Hennes ögonpyramid symboliserar makt, religion och anarkins utopi. Hennes verk andas liv, där sprayfärgen blir syre och luftballongen en väg till fantasins höjder. En panda omfamnar en kvinna med slutna ögon – en symbol för längtan efter det naturliga bortom människans destruktiva samhällsstrukturer.",https://sdsirlozivhqmtcexwbu.supabase.co/storage/v1/object/public/bucket/ArtistaTEXT2013.webp,,west,3,
32,63,GI- Girls,27,null,null,hangaren,"GI- Girls

12X7m 2014

Det är inga flickor som målat detta verk.

Det är tre av GI-gruppens illustrations/grafiskdesign/serietecknar/graffitimålare av manligt släkte. GI innefattar ett flertal målare men här är gruppen representerad av 3 aktörer.

Jag har lite problem att börja formulera min text om detta verk så jag pratar med dem för att få en ingång. De är dock inte det minsta intresserade av någon analys eller verbalisering. Det är väll där jag kommer in misstänker jag men finner min öppning i dialog med en landskapsarkitekt som jag oförhappandes stöter på framför målningen. Man skulle kunna lägga GI målning på marken och och använda den som en stadsplanerings skiss över hela detta område sett från ovan. Dvs en hel stadsdel utformad utifrån graffitins färg och form språk. Det skulle passa Malmö, och skoj att se när man passerar med flygplan uppifrån.

Men kanske inte Penisbaskilusken passar in? Eller vad det nu är? Ett slidmonster? En Kukfittabakterie. Androgyninsekt, Könsalien eller en Genusstyggelse? 

Men fågeln kan vara kvar. En fågelpark här vid Enskifteshagen där alla de 90-tal olika sorters häckande fåglar från Skånska landskapet finns att skåda. Utan kikare.","GI–Girls, målad av tre manliga graffitikonstnärer, kan ses som en stadsplan skissad i graffitins färg- och formspråk. En landskapsarkitekt föreslår att verket kunde fungera som en stadsdelsplan för Malmö, synlig från luften. Men vissa element utmanar – ett könsöverskridande monster skapar frågor om genus och identitet. Däremot skulle fågeln kunna passa in, som en symbol för Skånes rika fågelliv.",https://sdsirlozivhqmtcexwbu.supabase.co/storage/v1/object/public/bucket/GI.webp,,west,5,
32,64,Snacka om djur.,28,null,null,hangaren,"Pins och Bomby- Snacka om djur.

Pins. 4X8m 2014

Bomby. 6X6m 2013



Bomby. En sammanslagning av att Bomba, dvs spraya så många tags som möjligt på ett begränsat område, och sago rådjuret Bambi. 

Bomby har inte utmärkt sig som någon intensiv klottrare precis men Bambi ligger nära till hands då intresset för djur är i fokus. Inte bara i denna målning utan i Bombys engagemang i Djurens Rätt är långvarigt, seriöst och intensivt. Kanske även en önskan att ha en slå-på-käften attityd finns liksom bland klottrare/bombare och ibland även hos graffitimålare/konstnärer. Bomby är ingen karriärist. Här ser jag inga tydliga kopplingar till varken konstvärlden eller graffitivärlden. (Om de nu skiljer sig nämnvärt åt, annat än ur klassperspektiv.)

Det illustrativa finns ju här solklart och tydligt men inte heller där vill Bomby delta fullt ut. Inte verka inom något fält som kan begränsa engagemanget för djuren. Snacka om djur.

Många, många gånger har jag funderat på om inte dåligt manus automatiskt ger tekniskt utmärkt film, som en universell lag. Eller tvärtom, ett utmärkt skrivet manus resulterar genast i urusel teknisk film. Det är sällan dessa komponenter kommer samman, och när de gör det blir det naturligtvis lysande. Samma sak gäller konsten i stort och graffitin i synnerlighet. Få utövare har engagemanget i en för dem och andra viktig fråga som Bomby har. Jag ser stora möjligheter för henne att nå ut med sitt budskap. Men då får man använda sig av konsten, graffitins eller illustrationens enorma fält och inte bara väsnas inom sin egna grupp, som i Bombys fall är djurrättsaktivister i Amsterdam.

Oj. Nu kom jag på ett besläktat konstnärskap. Visst startade Joseph Beuys ett politiskt parti för djuren? Vilken djurintresserad konstnär tog upp den tråden? Bomby? Beuys tidiga engagemang för miljön har förändrat synen fullständigt politiskt i den frågan från De Gröne i Tyskland till Sveriges Miljöparti men även kring medvetna miljöstrategier inom alla partier från höger till vänster. Visst kan enskilda individer och konstnärer påverka. Fråga Elisabeth Ohlson Wallin.

Graffiti kollegan bredvid Bomby är arg. Pins. En kraftfull, tung och vansinnig elefant använder snabeln i ett försök att bringa ordning i ett upprört minne han har målat. Pins är en solist som använder elefanten som symbol för den inneboende kraft han har och som tydligt syns i hans kraftfulla graffitimåleri. Dynamiskt med starka kontrasterande färger och former. Här finns en inneboende frustration i minnet som konstruktivast bör komma fram i måleri och skapande. Ett konstnärligt odlat utanförskap kan verka överväldigande positivt så länge elefanten håller snabeln i styr.","Bomby kombinerar graffiti och djurrättsengagemang, inspirerad av både att “bomba” med tags och sagodjuret Bambi. Hon står utanför konst- och graffitivärlden men har potential att nå längre genom konsten. Bredvid henne står Pins, vars kraftfulla elefant speglar frustration och energi i hans dynamiska stil. Elefantens styrka symboliserar behovet av kontroll – ett utanförskap som kan bli positivt om det kanaliseras rätt.",https://sdsirlozivhqmtcexwbu.supabase.co/storage/v1/object/public/bucket/exhibitions/Bomby-1727382312011.webp,,west,4,
32,96,Fiyiam,8,null,null,hangaren,"Fiya, Smoky och Shalak (Kanada, Chile)

9X15m 2014

En plågad blå indian, ett monstruöst ansikte och ett färgstarkt lejon. Här har konstnärstrion iscensatt en treenighet bestående av mannen, den blåa indianen, monstermannen, som raffinerat och tekniskt väldigt skickligt är målat av Smoky samt den kraftfulla, heliga lejonanden, även detta en manlig figuration. Desperat religion i upplösningstillstånd. 

Vi har alla människor gemensamt att vi behöver tron. Alltid, vill jag påstå, när anhöriga till oss går bort. Då behöver vi tro på att de har det bra och vi behöver dela denna tro med andra så att det blir en övertygelse så att vi finner mening att gå vidare. Det är ett fundament i alla religioners att stödja i sorgearbetet. En fin och viktig uppgift. 

Indianen är en symbol för den naturtrogna människan som lever i perfekt harmoni med naturen och alltet. Här avbildas han som ett tynande och förtvivlat väsen. En svunnen storhet i en lika svunnen tid höljd i fegis nyansernas blå osäkerhet. Upplöst i himlen och vattnet.

Mannenmonstret i mitten är en rasande beskrivning av de maktstrukturer mannen byggt upp av vårat gemensamma behov av tro och tröst. Har mannen, alltid en manlig Gud, som bara män i slutändan kan förstå, har skapat de system många av oss, även i ett globalt perspektiv, lever i. Demokratin bygger ju såklart på helt andra idéer. Tex att det måste finnas en människa att ställa till svars för gällande tex övertramp, lögner och misstag. Det kan man inte med religionens gudar, oavsett vad de kallas för, av makt missbrukar män. Här löses monstermannan upp. Fräts ihjäl.

Den heliga anden. Lejonet, är vänd mot de båda och ryter i hela sitt färgspektrum med den kraftfulla regnbågen skinande i sin majestätiska man. Eller är det HBTQ rörelsen som ryter? De två andra manliga gestalterna låter sig dock inte påverkas i sin navelskådande tillvaro. Vad sker härnäst? Är mannens roll passé? Alla 3 löses upp! I Sverige kanske vi skapar det första matriarkala samhället någonsin? Med Bonobosaporna som förebilder? Förutsättningarna finns ju här iom att vi levt i fred under de 200 senaste åren, och krig ger ju naturligtvis en rejäl energi och styrka år mansrollen. (Sen 2002 är vi i krig i Afghanistan men det har inte riktigt smält in ännu.) Såväl fadern, sonen och den heliga anden vet exakt vad som gäller i krig och vilken funktion de har. Men, om vi svenskar skippar medlemskap i de stora stridsallianserna och fortsätter tro på fred, solidaritet och neutralitets politik, så kanske ett matriarkat är ett tänkbart framtida system. Där, som hos Bonobosaporna, massor av sex och inga konflikter råder.","Fiya, Smoky och Shalak iscensätter en upplösande treenighet: en blå indian, ett monströst ansikte och ett färgstarkt lejon. Indianen, en symbol för naturharmoni, bleknar, medan monstret representerar mäns maktmissbruk genom religion. Lejonet ryter med regnbågens kraft – en symbol för HBTQ eller en ny maktfördelning? I ett fredligt Sverige kanske ett matriarkat växer fram, där konflikter ersätts av solidaritet och balans.",https://sdsirlozivhqmtcexwbu.supabase.co/storage/v1/object/public/bucket/exhibitions/6/8-Fiyiam-6.webp,,east,4,
32,97,MRT,5,null,null,hangaren,"MRTN

8X9m 2017.

Är man lite fördomsfull skulle man kunna kalla Martins målning för ”En Norrländsk Graffitimålning.”

Graffiti är ett gemensamt bildspråk. På så sätt skiljer den sig från mycket av den övriga samtidskonsten. Att förhålla sig gemensamt kring en berättelse och ett bildspråk till skillnad från den konsten där utövarna till varje pris vill skapa en individuell historia, teknik, process och karaktär. 

Graffiti är tillsammans. 

Det förhåller sig MRTN väldigt fritt till. Han skapar istället en ensamhet och ödslig målning. Som kanske mer för tankarna till Grafisk Design tradition. Han skapar istället en förankring till rummet och platsen med hjälp av de redan givna färgerna och formerna. Inte minst portarna som integrerats och blivit en del av hans berättelse.

MRTNs landskap är en exteriör. Ett landskap där den obligatoriska helgedomen är Hangaren i sig. Det är en sublim och tystlåten kritik av rummet och vår process. Vad är det vi gör? Håller vi på att institutionalisera graffitimåleriet som ju skall vara tillgängligt för alla och återfinnas i det offentliga rummet? Det, om något, kan alla graffitimålare skriva under på.

Målningen innehåller riktiga portar. De leder direkt ut i staden. Precis på andra sidan av MRTNs målning finns det offentliga rummet och gigantiska väggar som ju alla som passerar kan se. Dessa borde målas istället. Eller också. En institutionalisering kan som bäst vara pedagogisk, vilket inte är att förringa, men glömmer vi bort det offentliga när vi gör konst så utarmas hela vårt gemensamma kulturella medvetande. Till en anda av Konst-analfabetsim.

I ett totaliärt diktatoriskt samhälle ar det enbart porträtt på den styrande som syns i gatubilden. I ett lika totalitärt styrt kapitalistiskt samhälle ar det bara reklamens bilder som syns. I ett samhälle som styrs av folket ar det folkets 100 000/tals bilder med olika budskap som dominerar.","MRTN bryter mot graffitins kollektiva berättande och skapar en ödslig, ensam målning, mer lik grafisk design. Hans verk integrerar Hangarens portar och väcker frågor om institutionaliserad graffiti. Bakom målningen ligger staden – borde vi måla där istället? I ett fritt samhälle syns folkets bilder, men om vi glömmer det offentliga rummet riskerar vi att utarma vår kulturella medvetenhet och förlora graffitins kärna.",https://sdsirlozivhqmtcexwbu.supabase.co/storage/v1/object/public/bucket/exhibitions/3/5-MRT-3.webp,https://sdsirlozivhqmtcexwbu.supabase.co/storage/v1/object/public/bucket/audio/MRT_2024-12-20.mp3,east,2,
32,98,CasRoc,29,null,null,hangaren,"Cas Roc 2013

8X4m

Det är en dystert komponerad bild den belgiske målaren Cas Roc gjort i Hangaren.

Det är en kombination av tatuering/TV-spel/serietidning och graffitimåleri som konstnären använder när han berättar om något tragiskt som skett eller sker just nu. Köttätande växter, liv och död, korset dvs martyrpålen eller den tidigare segerpålen, svärdet som kan symbolisera död och nederlag när det, som i detta verk, pekar nedåt. Den hornbeklädda hjälmen saknar sin ägare och hänger på svärdet. Hornen finns för att symbolisera någon storhet och inget vikingar någonsin använt sig av i verkligheten. Texter och symboler som för tankarna till runor, hebreiska och någon form för asiatisk skrift. Och inklämt bakom allting sticker bitar av graffitistilen fram ungefär som om den bakifrån försöker stötta upp allt elände.

Not to win but to fight well- Inte för att vinna utan för att kämpa väl, står det längst ner på målningen som en titel. Vi får ingen vägledning i vem som kämpat eller vad den kämpat för. Att det var en enskild person förstår vi och det är kanske det mållösa och det ensamma målningen handlar om. 

Graffitin pockar dock på bakifrån med sitt gemensamma bildspråk. Det handlar om att tillsammans formulera visionen, idéerna och målet. Då handlar det aldrig någonsin om att enbart kämpa väl. Då handlar det om att segra.","Cas Rocs dystra verk i Hangaren kombinerar tatuering, TV-spel och graffitimåleri för att skildra en tragedi. Köttätande växter, svärdet som pekar neråt och en hornprydd hjälm symboliserar förlust och ensam kamp. Texten “Not to win but to fight well” antyder en meningslös strid. Men graffitin i bakgrunden påminner om dess kollektiva natur – en gemensam vision där målet inte bara är att kämpa, utan att segra.",https://sdsirlozivhqmtcexwbu.supabase.co/storage/v1/object/public/bucket/exhibitions/29/29-CasRoc-29.webp,,west,29,
32,99,FukshWtass,31,null,null,hangaren,"Ett eko från det sarkastiska och ironiska 90-talet då egentligen-inget-spelar-någon-roll-tanken fick fäste i Sverige. Vem bryr sig?

Plikt, Ärlighet, Ambition, Ansvar, Skicklighet, Hållbarhet, Långsiktighet och Solidaritet. Honnörsord som bleknade. Folkhemstankar som rasisterna kidnappade. (Arbetarvärden som kapitalet nedsvärtat.)

Graffitin reagerade på samtidsandan. Inte minst i mellan Sverige och i Dalarna där flera, på den tiden, tongivande målare dök upp med mycket munterhet, god energi och tankar om att graffitin är oviktig men rätt skoj. Det viktigaste är att man har skoj. Roligt. Livet är en lek. Det centrala är att själv få sig ett gapskratt. Hur det är för andra berör inte.

Inspirerade av nybörjarnas och graffiti kulturens tidigaste verk gjordes målningar som skulle verka vara det allra första graffitimåleri man någonsin gjort. Om och om igen. Lekfullt. Den eviga amatören. Gärna med ett lätt förakt och fnysning åt andras motivering, budskap och förhållningssätt som inte sorterade under epitetet Kul! Graffiti är för barn! Och vi kan vara barn för evigt! Så länge vi lever. Den eviga graffitiamatör naivisten. Hipster graffiti och surdegsbröd.

Det finns ingen av dessa målare kvar i Sverige idag. De dök upp och gjorde ett visst intryck. Liksom rapgruppen Just D med sin sommarhit 1 och 3 e 2, som ju inte kommer ingå i den Svenska Hip Hop Historien men som kanske, trots allt, skänkte scenen glimten i ögat. En viss glädje.

Och visst är det viktig att vi har skoj! Även om Kul aldrig blir en kvalité i sig.

Jag diggar Fuksh och Wtass målning eftersom jag gillar djur. Den är inte bara kul. Den är även lekfull och snäll.","Graffitin på 90-talet speglade en sarkastisk samtid där allt var en lek och det viktigaste var att ha kul. Inspirerade av nybörjargraffiti, målade konstnärer i Dalarna verk som verkade vara deras första – om och om igen. De föraktade djupare budskap och såg graffiti som barnsligt. Idag är de borta, men deras anda av humor lever kvar. Fuksh och Wtass målning fångar denna lekfullhet – men med en snällare, mer tidlös charm.",https://sdsirlozivhqmtcexwbu.supabase.co/storage/v1/object/public/bucket/exhibitions/31/31-FukshWtass-31.webp,,west,31,
32,100,Vial,30,null,null,hangaren,"VIAL

3X7m 2015

Den tyngste och mest professionella amatören.

Vial har inte gjort många graffitimålningar när han påbörjar sin vägg i Hangaren.

Det är en kamp. En klassiker.

De små, men fler, som tillsammans nedlägger och oskadliggör den större och starkare.

En tanke, en möjlighet och en bild vi borde tänka två, eller fler gånger kring.

För Vial är graffitin en frihet, där han får tänka fritt och måla fritt. Hans profession handlar också om bild men då i ett helt annat sammanhang. Vial jobbar på Ubisoft och vid den här tiden med att konstruera och utveckla spelet Tom Clancy´s- The Division. En process som innefattar hundratals personer och 3 års heltids arbete. Ett spel som mångmiljoner människor runt hela världen spelar. Så vad handlar The Division om? En sjukdom. Som spridits sig i hela vårt samhälle och som kommer ödelägga allt. Katastrofen är här och det är ett faktum. Gruppen måste nu rädda det som räddas kan.

Nu.","Vial, en professionell amatör, kämpar med sin vägg i Hangaren och skildrar de små som tillsammans övervinner det stora. För honom är graffitin en frihet, en kontrast till hans arbete på Ubisoft, där han utvecklade Tom Clancy’s The Division. Spelet handlar om en samhällskollaps orsakad av en spridd sjukdom – en katastrof där gruppens samarbete avgör överlevnad. Kanske en parallell till både hans konst och verkligheten.",https://sdsirlozivhqmtcexwbu.supabase.co/storage/v1/object/public/bucket/exhibitions/30/30-Vial-30.webp,,west,30,
32,101,Jester,32,null,null,hangaren,"Jestr

12X7m 2017

Från Sydamerika kommer Jestr som snyggt komponerat sitt verk mellan dörrar, beslag och pelare. En inte helt lätt yta.

Kvinnan och det ofödda barnet. Graviditet och någon form av födsel i form av en hjärna och ett hjärta i övre kanten av målningen. Här finns det ju ingen man med i bilden och det kanske det inte ska heller? Eller är det en självklarhet att mannen skall finnas med i denna process? Från görandet av barnet tom med att barnet kan klara sig själv i samhället eller åtminstone till ansvar och myndighetsåldern 18 år. Inget barn utan en man.

Men när kan mannen vara med och fatta alla beslut som har med barnet att göra? Gällande ansvar, rättigheter/skyldigheter och medbestämmande lika tungt som den självklara moderns avgörande kring vara eller icke vara.

Ska mannen delta och fatta beslut:

När barnet görs?

När livet uppstår?

Under graviditeten?

När barnet fötts?

Under uppväxten?

När barnet fyller 18 år?

Alltid?

Visst är allt perfekt när mannen och kvinnan alltid tillsammans kommer överens om sin gemensamma avkomma. Men när de inte gör det? 

Det ser ut som om hjärtat som sprutas ur från kvinnans sprayburk är på kollisionskurs med hjärnan som sprutas ut från barnets sprayburk. Här kommer en krock att uppstå. Segraren är given. Barnets sprayburk har redan gått sönder och tappat kraft. Moderns hjärta tar över och hjärnan förintas. Detta barn kan inte försvara sig själv. Var finns pappan?

Det är kvinnans rätt att bestämma över sin egen kropp brukar debatten alltid avslutas med när det kommer till abortens vara eller inte vara. Men lilla 12 veckors flickfostrets kropp inne i magen då? Får den kroppen också bestämma själv? Över livet eller döden.","Jestrs verk skildrar en gravid kvinna och ett ofött barn, med hjärta och hjärna i kollisionskurs. Ingen man syns – en medveten uteslutning eller en fråga om pappans roll? När ska han ha inflytande över barnets liv? Vid skapandet, födseln eller uppväxten? Målningen ställer obekväma frågor om ansvar, rättigheter och abort. Barnets sprayburk har tappat kraft, moderns hjärta dominerar – men var finns pappan i detta beslut?",https://sdsirlozivhqmtcexwbu.supabase.co/storage/v1/object/public/bucket/exhibitions/32/32-Jester-32.webp,,west,32,
32,102,NklsLads,35,null,null,hangaren,"Nkls HPS Lads

4X8m 2016

Öppna dörren till friheten.

Vad är det vi tänker på när vi hör ordet frihet idag?

Är det friheten att välja flingor till frukost? Är det friheten att välja doktor? Är det friheten att välja skola? Användandet av ordet frihet har lurat oss att tro att vi behöver vara pålästa om exakt allt och att ha tid för exakt allt runt omkring oss för att vi skall kunna göra genomtänkta, motiverad och bra val för oss och de våra. 

Egentligen vet vi att ingen tar reda på exakt alla ingredienser som finns i alla olika frukostflingor som vi sedan ger till våra barn. Egentligen vet vi att vi varken kan eller hinner ta reda på vilket sjukhus som är bäst för oss eller vilken doktor som är specialiserad på vad. Och hur ska det överhuvudtaget vara möjligt för oss att veta vilken skola som är bäst för våra barn? Vilket område, vilka kamrater, vilka lärare, vilken litteratur och vilken värdegrund?

Att medvetet utnyttja vår osäkerhet och slita ut det fantastiskt fina ordet frihet i syfte att tro att det handlar om vad vi som individer vill, när det egentligen handlar om att sälja ut allt som går att sälja utan att säljaren själv behöver ta ansvar. Varför skulle hen behöva det? I frihetens namn är det du som väljer och du ska själv ta reda på allt kring de val du gör. 

Ordet Frihet som det används idag borde bytas ut. Hela fokus borde bytas ut. Från den som erbjuds till den som erbjuder. Från den som köper till den som säljer. Frihet borde ersättas med orden Plikt, Ansvar och Ärlighet. Den som erbjuder har ansvaret.

Öppna dörren till Plikt, Ansvar och Ärlighet. Den hade jag gillat.

Och Friheten då? Tilliten! Du kan ha tillit till den doktor du möter. Den doktorn känner plikt, ansvar och är uppriktig. I ett samhälle måste vi lita på varandra.

Nkls har målat ett för honom idolporträtt på rapparen Promoe. Det hänger ihop med de kapitalistiska tankarna om frihet som ju egentligen handlar om att sälja saker och tjänster till alla utan att ta ansvar. Promoe är också popvänstersymbol för den massiva rörelse som använder och profilierar sig på de gemensamma tankarna kring solidaritet och gemensamt samhällsbygge för personlig vinning skull. Att musikaliskt våldföra sig på det gemensamma för några stimkronor.

Detta är Nkls första stora graffitimålning. Det är snyggt jobbat.","Nkls ifrågasätter hur “frihet” används för att sälja valmöjligheter utan ansvar. Vi tror oss vara fria, men utnyttjas av ett system där individen bär ansvaret för varje beslut. Istället borde fokus ligga på plikt, ansvar och ärlighet. Hans idolporträtt av rapparen Promoe kopplas till kritik av kapitalismens frihetsbegrepp. Detta är Nkls första stora graffitimålning – ett imponerande debutverk med ett skarpt budskap.",https://sdsirlozivhqmtcexwbu.supabase.co/storage/v1/object/public/bucket/exhibitions/35/35-NklsLads-35.webp,,west,35,
32,103,Iron,36,null,null,hangaren,"Iron

4X8m 2017

Finns matriarkatet?

”Våren” heter Irons bidrag till Hangaren.

Jag tänker genast på den arabiska Våren. Bilden känns politiskt motiverad. Kanske pga Banksys användande av schabloner och mallar med politiska undertoner. Visst är Irons bidrag även religiöst kännbart? Och det vita som rinner ner över den blodiga bakgrunden och historian. 

Den kristusliknande kvinnan är inte ensam. Det yttre skalet i cirkeln består nämligen av ett hundratal kvinnofigurer uppställda som en armé sida vid sida om varandra. Nu är det dags att dyrka kvinnan verkar målningen uppmana oss. Är hon då beredd att offra sitt liv och ta på sig all skuld?

Män startar krig. Och dödar. Det känner vi till. 

Sverige har dock ett världsrekord som det talas väldigt lite om just nu. Vi var nämligen det land som inte krigat längst tid av alla länder i hela världen. Det är ett hedervärt rekord. Sverige är ibland förebilder och bättre förebild än ett fredsälskande folk är svårt att tänka sig. Jo vi säljer vapen och vi fulspelade mot våra grannländer under 2:a världskriget, men lik förbannat så krigade vi inte.

Män, och kvinnor, startade kriget igen, I Sverige. Genom vårt demokratiska val accepterade vi idag att Sverige deltar i krig i Afghanistan. Svenska soldater dödar i andra länder. Det är därför terrorismen slår till även i vårt samhälle. Terrorism är en del av att delta i krig. Krigets konsekvenser. 

Det religiösa inslaget intresserar mig. Jag funderar över hur de manliga patriarkala strukturerna ser ut i vårt samhälle. Är det religionerna som spökar? Med ett tydligt manligt överhuvud vi ska dyrka och som inte kan ta ansvar efter som han alltid företräds av en riktig man/människa som tolkar honom åt oss och därför har makten. Jag har frågat flertalet feminister men aldrig fått ett tydligt svar kring dessa strukturer. Hur ser de ut? Vem upprätthåller dem? Vem gagnar de? Svaren är inte sällan otydliga. Fatta! Vad är det vi ska fatta? Låtsas! Det enda tydliga är att det manliga och patriarkatet skall krossas. Det må så vara. Men vad ska ersätta? Inom religionen är man inte intresserad av någon maktrubbning. De religiösa ifrågasätts inte heller och de deltar inte i samtalet. 

Iron ser gärna ett matriarkat. Byggda med samma abstrakta strukturmönster som patriarkatet?

Finns det då inte redan en matriarkat maktfaktor? Det gör det. Och den är väldigt tydlig och inte det minsta religiös. Uppfostrans makten ligger helt och hållet i kvinnans maktsfär. Makt är förmågan och möjligheten att påverka andra människor. Det gör kvinnan världen runt från att barnet blir till och långt upp i tonåren. Inte sällan ännu längre. Ifrågasättandet av patriarkala strukturer upplever jag som en hunger över mer makt. Maktgirighet. Mycket vill ha mer. Varför vill man kvotera in kvinnor till maktpositioner i de största företagen och till de ledande politiska ställningarna men inte till de välbetalda men farliga jobben som så gott som alltid männen tar hand om?

Kanske inte Irons syfte är en utopisk kvinnovår där matriarkatet får alla makt i samhället, i såväl det privata som i det offentliga. Kanske målningen är till för barn, där denna bild motsvarar deras verklighet med kvinnor överallt kring dem. Hemma, vid lekplatserna, på dagis, i skolan mm. Och männen lyser med sin frånvaro men tar ändå allt ansvar för allt som eventuellt blir negativt under kvinnornas omsorg. De frånvarande pappornas barn. 

Jag gillar skulpturen Arbetets Ära, på Möllevångstorget i Malmö. Kraftfulla kvinnor och män som tillsammans lyfter det som lyftas bör. Oavsett om det handlar om det privata eller det offentliga. Och som inte handlar om makt överhuvudtaget. Utan om ett gemensamt samhällsbygge.","Irons Våren skildrar en kristuslik kvinna omgiven av en armé av kvinnor – en uppmaning att dyrka kvinnan. Verket ifrågasätter patriarkala strukturer, religiös makt och krigets konsekvenser. Finns ett existerande matriarkat i uppfostran? Är kampen för jämställdhet en hunger efter mer makt? Istället för maktkamp lyfter Arbetets Ära i Malmö en annan vision – kvinnor och män som bygger samhället tillsammans.",https://sdsirlozivhqmtcexwbu.supabase.co/storage/v1/object/public/bucket/exhibitions/36/36-Iron-36.webp,,west,36,
32,104,EmmiLou,33,null,null,hangaren,"Emmilou

8X9m 2016.

Om en fertil, frisk kvinna vill ha ett biologiskt barn, hur stor är chansen att hon då får ett?

Om en fertil, frisk man vill ha ett biologiskt barn, hur stor chans har då han? 

Om han saknar jobb och utbildning så har han ungefär 25% chans att finna en kvinna som dessutom vill ha barn med honom. Lite större möjligheter får han om han skaffar sig ett riktigt heltidsjobb. Då har han 50% chans att få en avkomma. Om han dessutom har en högskoleutbildning så har han hyfsat goda möjligheter med 75% chans. 

Kvinnan då? Hon har alltid 100% chans. 

Allt kan inte vara rättvist och jämlikt i naturen.

Vad har nu detta med Emmilous målning att göra?

Även om kvinnan nu kan få barn till 100% vill hon ju naturligtvis även kunna välja med vem och inte gärna vem som helst även om denna är välutbildad och jobbar hårt/mycket. Därför är hon rätt mån om hur hon ser ut och vill gärna skilja sig estetiskt från andra kvinnor så att de attraktiva männen lägger märke just till henne. Som regel, i hela världen, har män kort fantasilöst hår, och kvinnor långt och fantasifyllt. Männen behöver enligt exemplet inte bry sig om sitt utseende. Egentligen inte kvinnor heller men varför inte skaffa sig en utseendemässigt attraktiv man på köpet av redan nämnda kvalitéer. Man kan lugnt påstå att kvinnans hår och frisyr är hennes personliga skulptur. Kroppens konst. Egentligen är ju naglar och hår exempel på dött material som kroppen gör sig av med. Men som ju i viss mån är praktiskt. Naglar för finmotoriken och hår som värmande. Men några längre varianter av hår eller naglar är inte på något sätt praktiskt utan ett otyg som i bästa fall kan vara förföriskt attraktivt och i sämsta fall tyda på förfall och ovård.

Nu har jag resonerat lite kring hår och vill återvända till objektet för hårfilosoferandet. Emmilou sätter mig på pottkanten. Den förbryllar mig. Att den målade kvinnans hår tar över råder inga tvivel om. Målningen känns personlig men jag får inga vibbar av att det är ett självporträtt eller en berättelse om enbart konstnären. Denna figurs hår är inte dött. Eventuellt dödar det kvinnan genom att det snor sig hårt kring både munnen och näsan. Kvävande. Kanske det ser en smula kaotiskt ut men kikar man ett tag ser man att håret följer någon slags logik. Ett system som finns där men inte så lätt att avkoda. 

Ponera att håret stryper kvinnan på bilden och hon försvann. Då skulle håret förändras och bli till muskler. 

Hårmuskler.","Emmilous målning utforskar kvinnans relation till sitt hår – en symbol för identitet och attraktion. I världen är kvinnors frisyrer fantasifulla medan mäns ofta är enkla, men här tar håret över, kvävande och kraftfullt. Det följer en logik, men en svårtydd sådan. Om kvinnan försvann, skulle håret omvandlas – bli muskler. Verket väcker frågor om skönhet, makt och biologins obalans i val och förväntningar.",https://sdsirlozivhqmtcexwbu.supabase.co/storage/v1/object/public/bucket/exhibitions/33/33-EmmiLou-33.webp,,west,33,
exhibitions_id,artwork_id,title,artist_id,test2,test,room,description,short_description,image_url,audio,wall,order,short_description